song_id,segment_id,transformation,parameters,source_file,generated_file
007,01,interval_modification,"{""random_seed"": 42, ""strength"": 0.25}",007_segment_01.json,007_segment_01.json
007,02,interval_modification,"{""random_seed"": 42, ""strength"": 0.25}",007_segment_02.json,007_segment_02.json
026,01,interval_modification,"{""random_seed"": 42, ""strength"": 0.25}",026_segment_01.json,026_segment_01.json
026,02,interval_modification,"{""random_seed"": 42, ""strength"": 0.25}",026_segment_02.json,026_segment_02.json
028,01,interval_modification,"{""random_seed"": 42, ""strength"": 0.25}",028_segment_01.json,028_segment_01.json
028,02,interval_modification,"{""random_seed"": 42, ""strength"": 0.25}",028_segment_02.json,028_segment_02.json
031,01,interval_modification,"{""random_seed"": 42, ""strength"": 0.25}",031_segment_01.json,031_segment_01.json
031,02,interval_modification,"{""random_seed"": 42, ""strength"": 0.25}",031_segment_02.json,031_segment_02.json
033,01,interval_modification,"{""random_seed"": 42, ""strength"": 0.25}",033_segment_01.json,033_segment_01.json
033,02,interval_modification,"{""random_seed"": 42, ""strength"": 0.25}",033_segment_02.json,033_segment_02.json
045,01,interval_modification,"{""random_seed"": 42, ""strength"": 0.25}",045_segment_01.json,045_segment_01.json
045,02,interval_modification,"{""random_seed"": 42, ""strength"": 0.25}",045_segment_02.json,045_segment_02.json
047,01,interval_modification,"{""random_seed"": 42, ""strength"": 0.25}",047_segment_01.json,047_segment_01.json
047,02,interval_modification,"{""random_seed"": 42, ""strength"": 0.25}",047_segment_02.json,047_segment_02.json
072,01,interval_modification,"{""random_seed"": 42, ""strength"": 0.25}",072_segment_01.json,072_segment_01.json
072,02,interval_modification,"{""random_seed"": 42, ""strength"": 0.25}",072_segment_02.json,072_segment_02.json
074,01,interval_modification,"{""random_seed"": 42, ""strength"": 0.25}",074_segment_01.json,074_segment_01.json
074,02,interval_modification,"{""random_seed"": 42, ""strength"": 0.25}",074_segment_02.json,074_segment_02.json
081,01,interval_modification,"{""random_seed"": 42, ""strength"": 0.25}",081_segment_01.json,081_segment_01.json
081,02,interval_modification,"{""random_seed"": 42, ""strength"": 0.25}",081_segment_02.json,081_segment_02.json
082,01,interval_modification,"{""random_seed"": 42, ""strength"": 0.25}",082_segment_01.json,082_segment_01.json
082,02,interval_modification,"{""random_seed"": 42, ""strength"": 0.25}",082_segment_02.json,082_segment_02.json
090,01,interval_modification,"{""random_seed"": 42, ""strength"": 0.25}",090_segment_01.json,090_segment_01.json
090,02,interval_modification,"{""random_seed"": 42, ""strength"": 0.25}",090_segment_02.json,090_segment_02.json
095,01,interval_modification,"{""random_seed"": 42, ""strength"": 0.25}",095_segment_01.json,095_segment_01.json
095,02,interval_modification,"{""random_seed"": 42, ""strength"": 0.25}",095_segment_02.json,095_segment_02.json
096,01,interval_modification,"{""random_seed"": 42, ""strength"": 0.25}",096_segment_01.json,096_segment_01.json
096,02,interval_modification,"{""random_seed"": 42, ""strength"": 0.25}",096_segment_02.json,096_segment_02.json
100,01,interval_modification,"{""random_seed"": 42, ""strength"": 0.25}",100_segment_01.json,100_segment_01.json
100,02,interval_modification,"{""random_seed"": 42, ""strength"": 0.25}",100_segment_02.json,100_segment_02.json
104,01,interval_modification,"{""random_seed"": 42, ""strength"": 0.25}",104_segment_01.json,104_segment_01.json
104,02,interval_modification,"{""random_seed"": 42, ""strength"": 0.25}",104_segment_02.json,104_segment_02.json
105,01,interval_modification,"{""random_seed"": 42, ""strength"": 0.25}",105_segment_01.json,105_segment_01.json
105,02,interval_modification,"{""random_seed"": 42, ""strength"": 0.25}",105_segment_02.json,105_segment_02.json
115,01,interval_modification,"{""random_seed"": 42, ""strength"": 0.25}",115_segment_01.json,115_segment_01.json
115,02,interval_modification,"{""random_seed"": 42, ""strength"": 0.25}",115_segment_02.json,115_segment_02.json
128,01,interval_modification,"{""random_seed"": 42, ""strength"": 0.25}",128_segment_01.json,128_segment_01.json
128,02,interval_modification,"{""random_seed"": 42, ""strength"": 0.25}",128_segment_02.json,128_segment_02.json
143,01,interval_modification,"{""random_seed"": 42, ""strength"": 0.25}",143_segment_01.json,143_segment_01.json
143,02,interval_modification,"{""random_seed"": 42, ""strength"": 0.25}",143_segment_02.json,143_segment_02.json
160,01,interval_modification,"{""random_seed"": 42, ""strength"": 0.25}",160_segment_01.json,160_segment_01.json
160,02,interval_modification,"{""random_seed"": 42, ""strength"": 0.25}",160_segment_02.json,160_segment_02.json
164,01,interval_modification,"{""random_seed"": 42, ""strength"": 0.25}",164_segment_01.json,164_segment_01.json
164,02,interval_modification,"{""random_seed"": 42, ""strength"": 0.25}",164_segment_02.json,164_segment_02.json
167,01,interval_modification,"{""random_seed"": 42, ""strength"": 0.25}",167_segment_01.json,167_segment_01.json
167,02,interval_modification,"{""random_seed"": 42, ""strength"": 0.25}",167_segment_02.json,167_segment_02.json
176,01,interval_modification,"{""random_seed"": 42, ""strength"": 0.25}",176_segment_01.json,176_segment_01.json
176,02,interval_modification,"{""random_seed"": 42, ""strength"": 0.25}",176_segment_02.json,176_segment_02.json
197,01,interval_modification,"{""random_seed"": 42, ""strength"": 0.25}",197_segment_01.json,197_segment_01.json
197,02,interval_modification,"{""random_seed"": 42, ""strength"": 0.25}",197_segment_02.json,197_segment_02.json
204,01,interval_modification,"{""random_seed"": 42, ""strength"": 0.25}",204_segment_01.json,204_segment_01.json
204,02,interval_modification,"{""random_seed"": 42, ""strength"": 0.25}",204_segment_02.json,204_segment_02.json
215,01,interval_modification,"{""random_seed"": 42, ""strength"": 0.25}",215_segment_01.json,215_segment_01.json
215,02,interval_modification,"{""random_seed"": 42, ""strength"": 0.25}",215_segment_02.json,215_segment_02.json
221,01,interval_modification,"{""random_seed"": 42, ""strength"": 0.25}",221_segment_01.json,221_segment_01.json
221,02,interval_modification,"{""random_seed"": 42, ""strength"": 0.25}",221_segment_02.json,221_segment_02.json
224,01,interval_modification,"{""random_seed"": 42, ""strength"": 0.25}",224_segment_01.json,224_segment_01.json
224,02,interval_modification,"{""random_seed"": 42, ""strength"": 0.25}",224_segment_02.json,224_segment_02.json
226,01,interval_modification,"{""random_seed"": 42, ""strength"": 0.25}",226_segment_01.json,226_segment_01.json
226,02,interval_modification,"{""random_seed"": 42, ""strength"": 0.25}",226_segment_02.json,226_segment_02.json
229,01,interval_modification,"{""random_seed"": 42, ""strength"": 0.25}",229_segment_01.json,229_segment_01.json
229,02,interval_modification,"{""random_seed"": 42, ""strength"": 0.25}",229_segment_02.json,229_segment_02.json
234,01,interval_modification,"{""random_seed"": 42, ""strength"": 0.25}",234_segment_01.json,234_segment_01.json
234,02,interval_modification,"{""random_seed"": 42, ""strength"": 0.25}",234_segment_02.json,234_segment_02.json
239,01,interval_modification,"{""random_seed"": 42, ""strength"": 0.25}",239_segment_01.json,239_segment_01.json
239,02,interval_modification,"{""random_seed"": 42, ""strength"": 0.25}",239_segment_02.json,239_segment_02.json
251,01,interval_modification,"{""random_seed"": 42, ""strength"": 0.25}",251_segment_01.json,251_segment_01.json
251,02,interval_modification,"{""random_seed"": 42, ""strength"": 0.25}",251_segment_02.json,251_segment_02.json
271,01,interval_modification,"{""random_seed"": 42, ""strength"": 0.25}",271_segment_01.json,271_segment_01.json
271,02,interval_modification,"{""random_seed"": 42, ""strength"": 0.25}",271_segment_02.json,271_segment_02.json
274,01,interval_modification,"{""random_seed"": 42, ""strength"": 0.25}",274_segment_01.json,274_segment_01.json
274,02,interval_modification,"{""random_seed"": 42, ""strength"": 0.25}",274_segment_02.json,274_segment_02.json
282,01,interval_modification,"{""random_seed"": 42, ""strength"": 0.25}",282_segment_01.json,282_segment_01.json
282,02,interval_modification,"{""random_seed"": 42, ""strength"": 0.25}",282_segment_02.json,282_segment_02.json
285,01,interval_modification,"{""random_seed"": 42, ""strength"": 0.25}",285_segment_01.json,285_segment_01.json
285,02,interval_modification,"{""random_seed"": 42, ""strength"": 0.25}",285_segment_02.json,285_segment_02.json
297,01,interval_modification,"{""random_seed"": 42, ""strength"": 0.25}",297_segment_01.json,297_segment_01.json
297,02,interval_modification,"{""random_seed"": 42, ""strength"": 0.25}",297_segment_02.json,297_segment_02.json
301,01,interval_modification,"{""random_seed"": 42, ""strength"": 0.25}",301_segment_01.json,301_segment_01.json
301,02,interval_modification,"{""random_seed"": 42, ""strength"": 0.25}",301_segment_02.json,301_segment_02.json
345,01,interval_modification,"{""random_seed"": 42, ""strength"": 0.25}",345_segment_01.json,345_segment_01.json
345,02,interval_modification,"{""random_seed"": 42, ""strength"": 0.25}",345_segment_02.json,345_segment_02.json
349,01,interval_modification,"{""random_seed"": 42, ""strength"": 0.25}",349_segment_01.json,349_segment_01.json
349,02,interval_modification,"{""random_seed"": 42, ""strength"": 0.25}",349_segment_02.json,349_segment_02.json
353,01,interval_modification,"{""random_seed"": 42, ""strength"": 0.25}",353_segment_01.json,353_segment_01.json
353,02,interval_modification,"{""random_seed"": 42, ""strength"": 0.25}",353_segment_02.json,353_segment_02.json
364,01,interval_modification,"{""random_seed"": 42, ""strength"": 0.25}",364_segment_01.json,364_segment_01.json
364,02,interval_modification,"{""random_seed"": 42, ""strength"": 0.25}",364_segment_02.json,364_segment_02.json
368,01,interval_modification,"{""random_seed"": 42, ""strength"": 0.25}",368_segment_01.json,368_segment_01.json
368,02,interval_modification,"{""random_seed"": 42, ""strength"": 0.25}",368_segment_02.json,368_segment_02.json
371,01,interval_modification,"{""random_seed"": 42, ""strength"": 0.25}",371_segment_01.json,371_segment_01.json
371,02,interval_modification,"{""random_seed"": 42, ""strength"": 0.25}",371_segment_02.json,371_segment_02.json
374,01,interval_modification,"{""random_seed"": 42, ""strength"": 0.25}",374_segment_01.json,374_segment_01.json
374,02,interval_modification,"{""random_seed"": 42, ""strength"": 0.25}",374_segment_02.json,374_segment_02.json
380,01,interval_modification,"{""random_seed"": 42, ""strength"": 0.25}",380_segment_01.json,380_segment_01.json
380,02,interval_modification,"{""random_seed"": 42, ""strength"": 0.25}",380_segment_02.json,380_segment_02.json
388,01,interval_modification,"{""random_seed"": 42, ""strength"": 0.25}",388_segment_01.json,388_segment_01.json
388,02,interval_modification,"{""random_seed"": 42, ""strength"": 0.25}",388_segment_02.json,388_segment_02.json
390,01,interval_modification,"{""random_seed"": 42, ""strength"": 0.25}",390_segment_01.json,390_segment_01.json
390,02,interval_modification,"{""random_seed"": 42, ""strength"": 0.25}",390_segment_02.json,390_segment_02.json
430,01,interval_modification,"{""random_seed"": 42, ""strength"": 0.25}",430_segment_01.json,430_segment_01.json
430,02,interval_modification,"{""random_seed"": 42, ""strength"": 0.25}",430_segment_02.json,430_segment_02.json
433,01,interval_modification,"{""random_seed"": 42, ""strength"": 0.25}",433_segment_01.json,433_segment_01.json
433,02,interval_modification,"{""random_seed"": 42, ""strength"": 0.25}",433_segment_02.json,433_segment_02.json
460,01,interval_modification,"{""random_seed"": 42, ""strength"": 0.25}",460_segment_01.json,460_segment_01.json
460,02,interval_modification,"{""random_seed"": 42, ""strength"": 0.25}",460_segment_02.json,460_segment_02.json
465,01,interval_modification,"{""random_seed"": 42, ""strength"": 0.25}",465_segment_01.json,465_segment_01.json
465,02,interval_modification,"{""random_seed"": 42, ""strength"": 0.25}",465_segment_02.json,465_segment_02.json
471,01,interval_modification,"{""random_seed"": 42, ""strength"": 0.25}",471_segment_01.json,471_segment_01.json
471,02,interval_modification,"{""random_seed"": 42, ""strength"": 0.25}",471_segment_02.json,471_segment_02.json
518,01,interval_modification,"{""random_seed"": 42, ""strength"": 0.25}",518_segment_01.json,518_segment_01.json
518,02,interval_modification,"{""random_seed"": 42, ""strength"": 0.25}",518_segment_02.json,518_segment_02.json
547,01,interval_modification,"{""random_seed"": 42, ""strength"": 0.25}",547_segment_01.json,547_segment_01.json
547,02,interval_modification,"{""random_seed"": 42, ""strength"": 0.25}",547_segment_02.json,547_segment_02.json
550,01,interval_modification,"{""random_seed"": 42, ""strength"": 0.25}",550_segment_01.json,550_segment_01.json
550,02,interval_modification,"{""random_seed"": 42, ""strength"": 0.25}",550_segment_02.json,550_segment_02.json
559,01,interval_modification,"{""random_seed"": 42, ""strength"": 0.25}",559_segment_01.json,559_segment_01.json
559,02,interval_modification,"{""random_seed"": 42, ""strength"": 0.25}",559_segment_02.json,559_segment_02.json
566,01,interval_modification,"{""random_seed"": 42, ""strength"": 0.25}",566_segment_01.json,566_segment_01.json
566,02,interval_modification,"{""random_seed"": 42, ""strength"": 0.25}",566_segment_02.json,566_segment_02.json
575,01,interval_modification,"{""random_seed"": 42, ""strength"": 0.25}",575_segment_01.json,575_segment_01.json
575,02,interval_modification,"{""random_seed"": 42, ""strength"": 0.25}",575_segment_02.json,575_segment_02.json
592,01,interval_modification,"{""random_seed"": 42, ""strength"": 0.25}",592_segment_01.json,592_segment_01.json
592,02,interval_modification,"{""random_seed"": 42, ""strength"": 0.25}",592_segment_02.json,592_segment_02.json
604,01,interval_modification,"{""random_seed"": 42, ""strength"": 0.25}",604_segment_01.json,604_segment_01.json
604,02,interval_modification,"{""random_seed"": 42, ""strength"": 0.25}",604_segment_02.json,604_segment_02.json
605,01,interval_modification,"{""random_seed"": 42, ""strength"": 0.25}",605_segment_01.json,605_segment_01.json
605,02,interval_modification,"{""random_seed"": 42, ""strength"": 0.25}",605_segment_02.json,605_segment_02.json
617,01,interval_modification,"{""random_seed"": 42, ""strength"": 0.25}",617_segment_01.json,617_segment_01.json
617,02,interval_modification,"{""random_seed"": 42, ""strength"": 0.25}",617_segment_02.json,617_segment_02.json
619,01,interval_modification,"{""random_seed"": 42, ""strength"": 0.25}",619_segment_01.json,619_segment_01.json
619,02,interval_modification,"{""random_seed"": 42, ""strength"": 0.25}",619_segment_02.json,619_segment_02.json
624,01,interval_modification,"{""random_seed"": 42, ""strength"": 0.25}",624_segment_01.json,624_segment_01.json
624,02,interval_modification,"{""random_seed"": 42, ""strength"": 0.25}",624_segment_02.json,624_segment_02.json
634,01,interval_modification,"{""random_seed"": 42, ""strength"": 0.25}",634_segment_01.json,634_segment_01.json
634,02,interval_modification,"{""random_seed"": 42, ""strength"": 0.25}",634_segment_02.json,634_segment_02.json
644,01,interval_modification,"{""random_seed"": 42, ""strength"": 0.25}",644_segment_01.json,644_segment_01.json
644,02,interval_modification,"{""random_seed"": 42, ""strength"": 0.25}",644_segment_02.json,644_segment_02.json
651,01,interval_modification,"{""random_seed"": 42, ""strength"": 0.25}",651_segment_01.json,651_segment_01.json
651,02,interval_modification,"{""random_seed"": 42, ""strength"": 0.25}",651_segment_02.json,651_segment_02.json
655,01,interval_modification,"{""random_seed"": 42, ""strength"": 0.25}",655_segment_01.json,655_segment_01.json
655,02,interval_modification,"{""random_seed"": 42, ""strength"": 0.25}",655_segment_02.json,655_segment_02.json
664,01,interval_modification,"{""random_seed"": 42, ""strength"": 0.25}",664_segment_01.json,664_segment_01.json
664,02,interval_modification,"{""random_seed"": 42, ""strength"": 0.25}",664_segment_02.json,664_segment_02.json
666,01,interval_modification,"{""random_seed"": 42, ""strength"": 0.25}",666_segment_01.json,666_segment_01.json
666,02,interval_modification,"{""random_seed"": 42, ""strength"": 0.25}",666_segment_02.json,666_segment_02.json
678,01,interval_modification,"{""random_seed"": 42, ""strength"": 0.25}",678_segment_01.json,678_segment_01.json
678,02,interval_modification,"{""random_seed"": 42, ""strength"": 0.25}",678_segment_02.json,678_segment_02.json
687,01,interval_modification,"{""random_seed"": 42, ""strength"": 0.25}",687_segment_01.json,687_segment_01.json
687,02,interval_modification,"{""random_seed"": 42, ""strength"": 0.25}",687_segment_02.json,687_segment_02.json
693,01,interval_modification,"{""random_seed"": 42, ""strength"": 0.25}",693_segment_01.json,693_segment_01.json
693,02,interval_modification,"{""random_seed"": 42, ""strength"": 0.25}",693_segment_02.json,693_segment_02.json
700,01,interval_modification,"{""random_seed"": 42, ""strength"": 0.25}",700_segment_01.json,700_segment_01.json
700,02,interval_modification,"{""random_seed"": 42, ""strength"": 0.25}",700_segment_02.json,700_segment_02.json
715,01,interval_modification,"{""random_seed"": 42, ""strength"": 0.25}",715_segment_01.json,715_segment_01.json
715,02,interval_modification,"{""random_seed"": 42, ""strength"": 0.25}",715_segment_02.json,715_segment_02.json
719,01,interval_modification,"{""random_seed"": 42, ""strength"": 0.25}",719_segment_01.json,719_segment_01.json
719,02,interval_modification,"{""random_seed"": 42, ""strength"": 0.25}",719_segment_02.json,719_segment_02.json
722,01,interval_modification,"{""random_seed"": 42, ""strength"": 0.25}",722_segment_01.json,722_segment_01.json
722,02,interval_modification,"{""random_seed"": 42, ""strength"": 0.25}",722_segment_02.json,722_segment_02.json
734,01,interval_modification,"{""random_seed"": 42, ""strength"": 0.25}",734_segment_01.json,734_segment_01.json
734,02,interval_modification,"{""random_seed"": 42, ""strength"": 0.25}",734_segment_02.json,734_segment_02.json
748,01,interval_modification,"{""random_seed"": 42, ""strength"": 0.25}",748_segment_01.json,748_segment_01.json
748,02,interval_modification,"{""random_seed"": 42, ""strength"": 0.25}",748_segment_02.json,748_segment_02.json
755,01,interval_modification,"{""random_seed"": 42, ""strength"": 0.25}",755_segment_01.json,755_segment_01.json
755,02,interval_modification,"{""random_seed"": 42, ""strength"": 0.25}",755_segment_02.json,755_segment_02.json
759,01,interval_modification,"{""random_seed"": 42, ""strength"": 0.25}",759_segment_01.json,759_segment_01.json
759,02,interval_modification,"{""random_seed"": 42, ""strength"": 0.25}",759_segment_02.json,759_segment_02.json
760,01,interval_modification,"{""random_seed"": 42, ""strength"": 0.25}",760_segment_01.json,760_segment_01.json
760,02,interval_modification,"{""random_seed"": 42, ""strength"": 0.25}",760_segment_02.json,760_segment_02.json
778,01,interval_modification,"{""random_seed"": 42, ""strength"": 0.25}",778_segment_01.json,778_segment_01.json
778,02,interval_modification,"{""random_seed"": 42, ""strength"": 0.25}",778_segment_02.json,778_segment_02.json
782,01,interval_modification,"{""random_seed"": 42, ""strength"": 0.25}",782_segment_01.json,782_segment_01.json
782,02,interval_modification,"{""random_seed"": 42, ""strength"": 0.25}",782_segment_02.json,782_segment_02.json
792,01,interval_modification,"{""random_seed"": 42, ""strength"": 0.25}",792_segment_01.json,792_segment_01.json
792,02,interval_modification,"{""random_seed"": 42, ""strength"": 0.25}",792_segment_02.json,792_segment_02.json
825,01,interval_modification,"{""random_seed"": 42, ""strength"": 0.25}",825_segment_01.json,825_segment_01.json
825,02,interval_modification,"{""random_seed"": 42, ""strength"": 0.25}",825_segment_02.json,825_segment_02.json
826,01,interval_modification,"{""random_seed"": 42, ""strength"": 0.25}",826_segment_01.json,826_segment_01.json
826,02,interval_modification,"{""random_seed"": 42, ""strength"": 0.25}",826_segment_02.json,826_segment_02.json
827,01,interval_modification,"{""random_seed"": 42, ""strength"": 0.25}",827_segment_01.json,827_segment_01.json
827,02,interval_modification,"{""random_seed"": 42, ""strength"": 0.25}",827_segment_02.json,827_segment_02.json
829,01,interval_modification,"{""random_seed"": 42, ""strength"": 0.25}",829_segment_01.json,829_segment_01.json
829,02,interval_modification,"{""random_seed"": 42, ""strength"": 0.25}",829_segment_02.json,829_segment_02.json
859,01,interval_modification,"{""random_seed"": 42, ""strength"": 0.25}",859_segment_01.json,859_segment_01.json
859,02,interval_modification,"{""random_seed"": 42, ""strength"": 0.25}",859_segment_02.json,859_segment_02.json
866,01,interval_modification,"{""random_seed"": 42, ""strength"": 0.25}",866_segment_01.json,866_segment_01.json
866,02,interval_modification,"{""random_seed"": 42, ""strength"": 0.25}",866_segment_02.json,866_segment_02.json
875,01,interval_modification,"{""random_seed"": 42, ""strength"": 0.25}",875_segment_01.json,875_segment_01.json
875,02,interval_modification,"{""random_seed"": 42, ""strength"": 0.25}",875_segment_02.json,875_segment_02.json
881,01,interval_modification,"{""random_seed"": 42, ""strength"": 0.25}",881_segment_01.json,881_segment_01.json
881,02,interval_modification,"{""random_seed"": 42, ""strength"": 0.25}",881_segment_02.json,881_segment_02.json
889,01,interval_modification,"{""random_seed"": 42, ""strength"": 0.25}",889_segment_01.json,889_segment_01.json
889,02,interval_modification,"{""random_seed"": 42, ""strength"": 0.25}",889_segment_02.json,889_segment_02.json
894,01,interval_modification,"{""random_seed"": 42, ""strength"": 0.25}",894_segment_01.json,894_segment_01.json
894,02,interval_modification,"{""random_seed"": 42, ""strength"": 0.25}",894_segment_02.json,894_segment_02.json
897,01,interval_modification,"{""random_seed"": 42, ""strength"": 0.25}",897_segment_01.json,897_segment_01.json
897,02,interval_modification,"{""random_seed"": 42, ""strength"": 0.25}",897_segment_02.json,897_segment_02.json
900,01,interval_modification,"{""random_seed"": 42, ""strength"": 0.25}",900_segment_01.json,900_segment_01.json
900,02,interval_modification,"{""random_seed"": 42, ""strength"": 0.25}",900_segment_02.json,900_segment_02.json
